CREATE SCHEMA ESTC_III;
USE ESTC_III;

CREATE TABLE IF NOT EXISTS CARGOS(
    ID_CARGO INT PRIMARY KEY,
    NOME_CARGO VARCHAR(50) NOT NULL,
    FUNCOES VARCHAR(100) NOT NULL,
    SALARIO DECIMAL(8,3)
);

CREATE TABLE IF NOT EXISTS TIPO_ENDERECO(
    COD_TIPO_END INT PRIMARY KEY,
    NOME_TIPO_END VARCHAR(50) NOT NULL
);

CREATE TABLE IF NOT EXISTS ENDERECOS(
    ID_ENDERECO INT PRIMARY KEY,
    NOME_RUA VARCHAR(50) NOT NULL,
    BAIRRO VARCHAR(50) NOT NULL,
    CIDADE VARCHAR(50) NOT NULL,
    UF VARCHAR(2) NOT NULL,
    PAIS VARCHAR(50) NOT NULL,
    CEP VARCHAR(8),
    TIPO_ENDERECO INT NOT NULL,
    CONSTRAINT FK_TIPO_ENDERECOS_ENDERECOS FOREIGN KEY (TIPO_ENDERECO) REFERENCES TIPO_ENDERECO(COD_TIPO_END)
);

CREATE TABLE IF NOT EXISTS EMPREGADOS(
    NMR_MATRICULA INT PRIMARY KEY,
    NOME_FUNC VARCHAR(100),
    CPF_FUNC VARCHAR(14),
    DATA_ADMISS DATE NOT NULL,
    QUALIF_FUNC VARCHAR(45),
    CARGO INT NOT NULL,
    ENDERECO INT,
    CONSTRAINT FK_CARGO_EMPREGADOS FOREIGN KEY(CARGO) REFERENCES CARGOS(ID_CARGO),
    CONSTRAINT FK_ENDERECOS_EMPREGADOS FOREIGN KEY(ENDERECO) REFERENCES ENDERECOS(ID_ENDERECO)
);

CREATE TABLE IF NOT EXISTS TELEFONES_EMPREGADOS(
    COD_TELEF_EMPG INT PRIMARY KEY,
    TLF_EMPG VARCHAR(11) NOT NULL,
    EMPREGADO INT NOT NULL,
    CONSTRAINT FK_EMPREGADOS_TELEFONES FOREIGN KEY (EMPREGADO) REFERENCES EMPREGADOS(NMR_MATRICULA)
);

CREATE TABLE IF NOT EXISTS PRODUTO(
    COD_PROD INT PRIMARY KEY,
    NOME_PROD VARCHAR(50) NOT NULL,
    DIMENSOES_PROD VARCHAR(30) NOT NULL,
    COR_PROD VARCHAR(30) NOT NULL,
    TEMP_FAB_PROD VARCHAR(30) NOT NULL,
    QNT_PROD_ESTQ INT NOT NULL
);

CREATE TABLE IF NOT EXISTS EMPREGADOS_PRODUTOS(
    PRODUTO INT,
    FUNCIONARIO INT,
    HORAS_TRABALHADAS VARCHAR(4) NOT NULL,
    PRIMARY KEY(PRODUTO, FUNCIONARIO),
    CONSTRAINT FK_PRODUTO_EMPREGADOS FOREIGN KEY(PRODUTO) REFERENCES PRODUTO(COD_PROD),
    CONSTRAINT FK_FUNCIONARIO_EMPREGADOS FOREIGN KEY(FUNCIONARIO) REFERENCES EMPREGADOS(NMR_MATRICULA)
);

CREATE TABLE IF NOT EXISTS MAQUINAS(
    MAQ_COD INT PRIMARY KEY,
    MAQ_NOME VARCHAR(50) NOT NULL,
    MAQ_TEMPO_VIDA VARCHAR(5) NOT NULL,
    MAR_DATA_COMPRA DATE NOT NULL,
    MAQ_DATA_FIM_GART DATE NOT NULL
);

CREATE TABLE IF NOT EXISTS MAQUINAS_PRODUTOS(
    MAQUINA INT,
    PRODUTO_UTLZ INT,
    HORAS_UTLZ VARCHAR(5) NOT NULL,
    PRIMARY KEY(MAQUINA, PRODUTO_UTLZ),
    CONSTRAINT FK_MAQUINA_MAQUINAS_PRODUTOS FOREIGN KEY (MAQUINA) REFERENCES MAQUINAS(MAQ_COD),
    CONSTRAINT FK_PRODUTO_MAQUINAS_PRODUTOS FOREIGN KEY (PRODUTO_UTLZ) REFERENCES PRODUTO(COD_PROD)
);

CREATE TABLE IF NOT EXISTS REGISTRO_MANUTENCAO(
    RM_COD INT PRIMARY KEY,
    RM_DATA DATE NOT NULL,
    RM_DESC TEXT NOT NULL,
    RM_MAQUINA INT NOT NULL,
    CONSTRAINT FK_MAQUINA_REGISTRO_MANUTENCAO FOREIGN KEY (RM_MAQUINA) REFERENCES MAQUINAS(MAQ_COD)
);

CREATE TABLE IF NOT EXISTS TIPO_COMPONENTE(
    TPDC_COD INT PRIMARY KEY,
    TPDC_NOME VARCHAR(50) NOT NULL,
    TDCP_QNT_ESTQ DECIMAL(10,3) NOT NULL
);

CREATE TABLE IF NOT EXISTS COMPONENTES(
    COMP_COD INT PRIMARY KEY,
    COMP_NOME VARCHAR(50) NOT NULL,
    COMP_UNIDADE VARCHAR(30) NOT NULL,
    COMP_QNT_ESTQ DECIMAL(10,3) NOT NULL,
    COMP_TIPO INT NOT NULL,
    CONSTRAINT FK_TIPO_COMPONENTE FOREIGN KEY(COMP_TIPO) REFERENCES TIPO_COMPONENTE(TPDC_COD)
);

CREATE TABLE IF NOT EXISTS PRODUTOS_COMPONENTES(
    COMPONENTE INT,
    PROD_PRDZ INT,
    PRIMARY KEY(COMPONENTE, PROD_PRDZ),
    CONSTRAINT FK_COMPONENTE_PRODUTOS FOREIGN KEY(COMPONENTE) REFERENCES COMPONENTES(COMP_COD),
    CONSTRAINT FK_PRODUTO_PRODUTOS FOREIGN KEY(PROD_PRDZ) REFERENCES PRODUTO(COD_PROD)
);

CREATE TABLE IF NOT EXISTS RECURSOS_ESPECIFICOS(
    RE_ID INT PRIMARY KEY,
    RE_HORAS_MAO_OBRA VARCHAR(5) NOT NULL,
    RE_DATA DATE NOT NULL,
    RE_TEMPO_MAQ VARCHAR(5) NOT NULL
);

CREATE TABLE IF NOT EXISTS EMPRESAS(
    EMPRESA_CNPJ VARCHAR(14) PRIMARY KEY,
    EMPRESA_RAZAO_SOCIAL VARCHAR(50) NOT NULL,
    EMPRESA_RAMO VARCHAR(50) NOT NULL,
    EMPRESA_CONT VARCHAR(14) NOT NULL,
    EMPRESA_END INT NOT NULL,
    CONSTRAINT FK_ENDERECOS_EMPRESAS FOREIGN KEY(EMPRESA_END) REFERENCES ENDERECOS(ID_ENDERECO)
);

CREATE TABLE IF NOT EXISTS TELEFONES_EMPRESAS(
    ID_TELF_EMP INT PRIMARY KEY,
    EMPRESA VARCHAR(14),
    TELEFONE VARCHAR(14) NOT NULL,
    CONSTRAINT FK_EMPRESAS_TELEFONES_EMPRESAS FOREIGN KEY(EMPRESA) REFERENCES EMPRESAS(EMPRESA_CNPJ)
);

CREATE TABLE IF NOT EXISTS FORNECEDORES(
    FORN_ID INT PRIMARY KEY,
    CONT_PESSOA VARCHAR(50) NOT NULL,
    FORN_NMR VARCHAR(14) NOT NULL,
    FORN_CNPJ VARCHAR(14) NOT NULL,
    FORN_ENDERECO INT NOT NULL,
    CONSTRAINT FK_EMPRESAS_FORNECEDORES FOREIGN KEY (FORN_CNPJ) REFERENCES EMPRESAS(EMPRESA_CNPJ),
    CONSTRAINT FK_ENDERECOS_FORNECEDORES FOREIGN KEY (FORN_ENDERECO) REFERENCES ENDERECOS(ID_ENDERECO)
);

CREATE TABLE IF NOT EXISTS COMPONENTES_FORNECEDORES(
    COMPONENTE INT,
    FORNECEDOR_COMP INT,
    PRECO_UNT DECIMAL(8,3) NOT NULL,
    CONSTRAINT FK_COMPONENTE_COMPONENTES_FORNECEDORES FOREIGN KEY (COMPONENTE) REFERENCES COMPONENTES(COMP_COD),
    CONSTRAINT FK_FORNECEDOR_COMPONENTES_FORNECEDORES FOREIGN KEY (FORNECEDOR_COMP) REFERENCES FORNECEDORES(FORN_ID)
);

CREATE TABLE IF NOT EXISTS REGISTRO_RESSUPRIMENTO(
    RS_COD INT PRIMARY KEY,
    RS_DATA DATE NOT NULL,
    RS_QNT_NECES DECIMAL(8,3) NOT NULL,
    RS_COMP INT NOT NULL,
    RS_FORN INT NOT NULL, 
    CONSTRAINT FK_COMPONENTE_REGISTRO_RESSUPRIMENTO FOREIGN KEY (RS_COMP) REFERENCES COMPONENTES(COMP_COD),
    CONSTRAINT FK_FORNECEDOR_REGISTRO_RESSUPRIMENTO FOREIGN KEY (RS_FORN) REFERENCES FORNECEDORES(FORN_ID)
);

CREATE TABLE IF NOT EXISTS ENDERECOS_CLIENTES(
    ID_ENDERECOS_CLT INT PRIMARY KEY,
    RUA VARCHAR(50) NOT NULL,
    BAIRRO VARCHAR(50) NOT NULL,
    CIDADE VARCHAR(50) NOT NULL,
    UF VARCHAR(2) NOT NULL,
    PAIS VARCHAR(50) NOT NULL,
    CEP VARCHAR(8),
    TIPO_ENDERECO INT,
    CONSTRAINT FK_TIPO_ENDERECOS_ENDERECOS_CLIENTES FOREIGN KEY (TIPO_ENDERECO) REFERENCES TIPO_ENDERECO(COD_TIPO_END)
);

CREATE TABLE IF NOT EXISTS CLIENTES(
    CLT_COD INT PRIMARY KEY,
    CLT_DATA_CADS DATE NOT NULL,
    CLT_PESS_CONT VARCHAR(50) NOT NULL,
    CLT_NMR_CONT VARCHAR(14) NOT NULL,
    CLT_CNPJ VARCHAR(14) NOT NULL,
    CONSTRAINT FK_EMPRESAS_CLIENTES FOREIGN KEY (CLT_CNPJ) REFERENCES EMPRESAS(EMPRESA_CNPJ)
);

CREATE TABLE IF NOT EXISTS ENCOMENDAS(
    ENCOM_COD INT PRIMARY KEY,
    ENCOM_DATA DATE NOT NULL,
    ENCOM_CLT INT NOT NULL,
    CONSTRAINT FK_CLIENTES_ENCOMENDAS FOREIGN KEY (ENCOM_CLT) REFERENCES CLIENTES(CLT_COD)
);

CREATE TABLE IF NOT EXISTS PAGAMENTOS(
    PAG_COD INT PRIMARY KEY,
    PAG_VLR_TOTAL DECIMAL(10,3) NOT NULL,
    PAG_VLR_DESC DECIMAL(10,3) NOT NULL,
    PAG_DATA DATE NOT NULL,
    PAG_QNT_PARCELAS INT NOT NULL,
    PAG_ENCOM INT NOT NULL,
    CONSTRAINT FK_ENCOMENDAS_PAGAMENTOS FOREIGN KEY (PAG_ENCOM) REFERENCES ENCOMENDAS(ENCOM_COD)
);

CREATE TABLE IF NOT EXISTS PRODUTOS_ENCOMENDAS(
    ENCM_COD INT NOT NULL,
    PROD_COD INT NOT NULL,
    QNT_PROD INT NOT NULL,
    PRIMARY KEY (ENCM_COD, PROD_COD),
    CONSTRAINT FK_ENCOMENDAS_PRODUTOS FOREIGN KEY (ENCM_COD) REFERENCES ENCOMENDAS(ENCOM_COD),
    CONSTRAINT FK_PRODUTOS_PRODUTOS_ENCOMENDAS FOREIGN KEY (PROD_COD) REFERENCES PRODUTO(COD_PROD)
);


#--------------------------------------------------INSERTS--------------------------------------------------


-- DML's para a Tabela CARGOS

INSERT INTO CARGOS (ID_CARGO, NOME_CARGO, FUNCOES, SALARIO)
VALUES 
(1, 'Gerente', 'Gestão de equipe e projetos', 5000.00),
(2, 'Assistente', 'Apoio administrativo e organização', 2500.00),
(3, 'Analista', 'Análise de dados e relatórios', 3500.00),
(4, 'Desenvolvedor', 'Desenvolvimento de sistemas', 4500.00),
(5, 'Supervisor', 'Supervisão de produção e logística', 4000.00);



-- DML's para a Tabela TIPO_ENDERECO

INSERT INTO TIPO_ENDERECO (COD_TIPO_END, NOME_TIPO_END)
VALUES 
(1, 'Residencial'),
(2, 'Comercial'),
(3, 'Industrial'),
(4, 'Rural'),
(5, 'Outros');



-- DML's para a Tabela ENDERECOS

INSERT INTO ENDERECOS (ID_ENDERECO, NOME_RUA, BAIRRO, CIDADE, UF, PAIS, CEP, TIPO_ENDERECO)
VALUES 
(1, 'Rua das Flores', 'Centro', 'São Paulo', 'SP', 'Brasil', '01001-000', 1),
(2, 'Avenida Brasil', 'Jardim Paulista', 'Rio de Janeiro', 'RJ', 'Brasil', '02002-000', 2),
(3, 'Rua da Paz', 'Santa Teresa', 'Belo Horizonte', 'MG', 'Brasil', '03003-000', 3),
(4, 'Avenida Rio Branco', 'Centro', 'Curitiba', 'PR', 'Brasil', '04004-000', 4),
(5, 'Rua das Palmeiras', 'Vila Nova', 'Fortaleza', 'CE', 'Brasil', '05005-000', 5);



-- DML's para a Tabela EMPREGADOS

INSERT INTO EMPREGADOS (NMR_MATRICULA, NOME_FUNC, CPF_FUNC, DATA_ADMISS, QUALIF_FUNC, CARGO, ENDERECO)
VALUES 
(1, 'Carlos Almeida', '12345678901', '2021-02-01', 'Superior Completo', 1, 1),
(2, 'Fernanda Souza', '23456789012', '2020-06-15', 'Superior Completo', 2, 2),
(3, 'Roberto Lima', '34567890123', '2019-08-10', 'Técnico', 3, 3),
(4, 'Luciana Costa', '45678901234', '2018-04-23', 'Técnico', 4, 4),
(5, 'João Silva', '56789012345', '2017-01-30', 'Superior Completo', 5, 5);



-- DML's para a Tabela TELEFONES_EMPREGADOS

INSERT INTO TELEFONES_EMPREGADOS (COD_TELEF_EMPG, TLF_EMPG, EMPREGADO)
VALUES 
(1, '11987654321', 1),
(2, '21987654321', 2),
(3, '31987654321', 3),
(4, '41987654321', 4),
(5, '51987654321', 5);



-- DML's para a Tabela PRODUTO

INSERT INTO PRODUTO (COD_PROD, NOME_PROD, DIMENSOES_PROD, COR_PROD, TEMP_FAB_PROD, QNT_PROD_ESTQ)
VALUES 
(1, 'Produto A', '10x10x10 cm', 'Azul', '2023', 100),
(2, 'Produto B', '20x20x20 cm', 'Vermelho', '2022', 150),
(3, 'Produto C', '15x15x15 cm', 'Verde', '2021', 200),
(4, 'Produto D', '30x30x30 cm', 'Preto', '2024', 50),
(5, 'Produto E', '25x25x25 cm', 'Branco', '2020', 75);



-- DML's para a Tabela EMPREGADOS_PRODUTOS

INSERT INTO EMPREGADOS_PRODUTOS (PRODUTO, FUNCIONARIO, HORAS_TRABALHADAS)
VALUES 
(1, 1, '40'),
(2, 2, '35'),
(3, 3, '45'),
(4, 4, '50'),
(5, 5, '30');



-- DML's para a Tabela MAQUINAS

INSERT INTO MAQUINAS (MAQ_COD, MAQ_NOME, MAQ_TEMPO_VIDA, MAR_DATA_COMPRA, MAQ_DATA_FIM_GART)
VALUES 
(1, 'Máquina A', '5 anos', '2022-01-15', '2027-01-15'),
(2, 'Máquina B', '8 anos', '2020-07-10', '2028-07-10'),
(3, 'Máquina C', '10 anos', '2015-05-20', '2025-05-20'),
(4, 'Máquina D', '6 anos', '2023-02-01', '2029-02-01'),
(5, 'Máquina E', '7 anos', '2021-09-15', '2028-09-15');



-- DML's para a Tabela MAQUINAS_PRODUTOS

INSERT INTO MAQUINAS_PRODUTOS (MAQUINA, PRODUTO_UTLZ, HORAS_UTLZ)
VALUES 
(1, 1, '200'),
(2, 2, '150'),
(3, 3, '180'),
(4, 4, '220'),
(5, 5, '160');



-- DML's para a Tabela REGISTRO_MANUTENCAO

INSERT INTO REGISTRO_MANUTENCAO (RM_COD, RM_DATA, RM_DESC, RM_MAQUINA)
VALUES 
(1, '2023-04-10', 'Troca de peças', 1),
(2, '2023-06-15', 'Revisão geral', 2),
(3, '2023-07-01', 'Manutenção preventiva', 3),
(4, '2023-08-20', 'Troca de óleo', 4),
(5, '2023-09-10', 'Ajuste mecânico', 5);



-- DML's para a Tabela TIPO_COMPONENTE

INSERT INTO TIPO_COMPONENTE (TPDC_COD, TPDC_NOME, TDCP_QNT_ESTQ)
VALUES 
(1, 'Peças Elétricas', 500.000),
(2, 'Peças Mecânicas', 300.000),
(3, 'Peças Hidráulicas', 200.000),
(4, 'Peças de Segurança', 150.000),
(5, 'Peças de Reparo', 250.000);



-- DML's para a Tabela COMPONENTES

INSERT INTO COMPONENTES (COMP_COD, COMP_NOME, COMP_UNIDADE, COMP_QNT_ESTQ, COMP_TIPO)
VALUES 
(1, 'Resistor', 'Unidade', 100.000, 1),
(2, 'Cabo Elétrico', 'Metro', 200.000, 1),
(3, 'Motor', 'Unidade', 50.000, 2),
(4, 'Bomba', 'Unidade', 60.000, 3),
(5, 'Parafuso', 'Unidade', 150.000, 4);



-- DML's para a Tabela PRODUTOS_COMPONENTES

INSERT INTO PRODUTOS_COMPONENTES (COMPONENTE, PROD_PRDZ)
VALUES 
(1, 1),
(2, 2),
(3, 3),
(4, 4),
(5, 5);



-- DML's para a Tabela RECURSOS_ESPECIFICOS

INSERT INTO RECURSOS_ESPECIFICOS (RE_ID, RE_HORAS_MAO_OBRA, RE_DATA, RE_TEMPO_MAQ)
VALUES 
(1, '5', '2023-04-10', '10'),
(2, '3', '2023-05-15', '8'),
(3, '6', '2023-06-20', '12'),
(4, '4', '2023-07-25', '6'),
(5, '7', '2023-08-30', '14');



-- Inserts para a Tabela EMPRESAS

INSERT INTO EMPRESAS (EMPRESA_CNPJ, EMPRESA_RAZAO_SOCIAL, EMPRESA_RAMO, EMPRESA_CONT, EMPRESA_END)
VALUES 
('12345678000195', 'Empresa A LTDA', 'Indústria', '11987654321', 1),
('23456789000176', 'Empresa B S/A', 'Comércio', '11987654322', 2),
('34567890000157', 'Empresa C EIRELI', 'Serviços', '11987654323', 3),
('45678901000138', 'Empresa D Ltda', 'Tecnologia', '11987654324', 4),
('56789012000109', 'Empresa E Ltda', 'Consultoria', '11987654325', 5);



-- Inserts para a Tabela TELEFONES_EMPRESAS

INSERT INTO TELEFONES_EMPRESAS (ID_TELF_EMP, EMPRESA, TELEFONE)
VALUES 
(1, '12345678000195', '11987654321'),
(2, '23456789000176', '11987654322'),
(3, '34567890000157', '11987654323'),
(4, '45678901000138', '11987654324'),
(5, '56789012000109', '11987654325');



-- Inserts para a Tabela FORNECEDORES

INSERT INTO FORNECEDORES (FORN_ID, CONT_PESSOA, FORN_NMR, FORN_CNPJ, FORN_ENDERECO)
VALUES 
(1, 'Pessoa Jurídica', 'Fornecedor A', '12345678000195', 1),
(2, 'Pessoa Física', 'Fornecedor B', '23456789000176', 2),
(3, 'Pessoa Jurídica', 'Fornecedor C', '34567890000157', 3),
(4, 'Pessoa Física', 'Fornecedor D', '45678901000138', 4),
(5, 'Pessoa Jurídica', 'Fornecedor E', '56789012000109', 5);



-- Inserts para a Tabela COMPONENTES_FORNECEDORES

INSERT INTO COMPONENTES_FORNECEDORES (COMPONENTE, FORNECEDOR_COMP, PRECO_UNT)
VALUES 
(1, 1, 100.50),
(2, 2, 200.75),
(3, 3, 150.00),
(4, 4, 120.30),
(5, 5, 110.40);



-- Inserts para a Tabela REGISTRO_RESSUPRIMENTO

INSERT INTO REGISTRO_RESSUPRIMENTO (RS_COD, RS_DATA, RS_QNT_NECES, RS_COMP, RS_FORN)
VALUES 
(1, '2024-01-15', 50.000, 1, 1),
(2, '2024-02-20', 30.500, 2, 2),
(3, '2024-03-25', 70.250, 3, 3),
(4, '2024-04-10', 40.750, 4, 4),
(5, '2024-05-05', 60.100, 5, 5);



-- Inserts para a Tabela ENDERECOS_CLIENTES

INSERT INTO ENDERECOS_CLIENTES (ID_ENDERECOS_CLT, RUA, BAIRRO, CIDADE, UF, PAIS, CEP, TIPO_ENDERECO)
VALUES 
(1, 'Rua A', 'Centro', 'São Paulo', 'SP', 'Brasil', '01000-000', 1),
(2, 'Avenida B', 'Jardim', 'Rio de Janeiro', 'RJ', 'Brasil', '02000-000', 2),
(3, 'Rua C', 'Vila Nova', 'Belo Horizonte', 'MG', 'Brasil', '03000-000', 1),
(4, 'Praça D', 'Centro', 'Curitiba', 'PR', 'Brasil', '04000-000', 3),
(5, 'Avenida E', 'Bairro Alto', 'Fortaleza', 'CE', 'Brasil', '05000-000', 2);



-- Inserts para a Tabela CLIENTES

INSERT INTO CLIENTES (CLT_COD, CLT_DATA_CADS, CLT_PESS_CONT, CLT_NMR_CONT, CLT_CNPJ)
VALUES 
(1, '2024-01-10', 'João Silva', '12345678901', '12345678000195'),
(2, '2024-02-15', 'Maria Oliveira', '23456789012', '23456789000176'),
(3, '2024-03-20', 'Carlos Souza', '34567890123', '34567890000157'),
(4, '2024-04-25', 'Ana Costa', '45678901234', '45678901000138'),
(5, '2024-05-30', 'Lucas Pereira', '56789012345', '56789012000109');



-- Inserts para a Tabela ENCOMENDAS

INSERT INTO ENCOMENDAS (ENCOM_COD, ENCOM_DATA, ENCOM_CLT)
VALUES 
(1, '2024-01-15', 1),
(2, '2024-02-20', 2),
(3, '2024-03-25', 3),
(4, '2024-04-10', 4),
(5, '2024-05-05', 5);



-- Inserts para a Tabela PAGAMENTOS

INSERT INTO PAGAMENTOS (PAG_COD, PAG_VLR_TOTAL, PAG_VLR_DESC, PAG_DATA, PAG_QNT_PARCELAS, PAG_ENCOM)
VALUES 
(1, 500.00, 50.00, '2024-01-20', 5, 1),
(2, 800.00, 80.00, '2024-02-25', 3, 2),
(3, 1000.00, 100.00, '2024-03-30', 6, 3),
(4, 400.00, 40.00, '2024-04-15', 2, 4),
(5, 1200.00, 120.00, '2024-05-10', 4, 5);



-- Inserts para a Tabela PRODUTOS_ENCOMENDAS

INSERT INTO PRODUTOS_ENCOMENDAS (ENCM_COD, PROD_COD, QNT_PROD)
VALUES 
(1, 1, 10),
(2, 2, 15),
(3, 3, 5),
(4, 4, 8),
(5, 5, 12);


#-------------------------------------------------------UPDATES-------------------------------------------------------



-- Tabela CARGOS

UPDATE CARGOS SET NOME_CARGO = 'Gerente de TI', SALARIO = 5500.00 WHERE ID_CARGO = 1;
UPDATE CARGOS SET FUNCOES = 'Apoio administrativo e organização, atendimento ao cliente' WHERE ID_CARGO = 2;
UPDATE CARGOS SET NOME_CARGO = 'Analista de Sistemas', SALARIO = 3800.00 WHERE ID_CARGO = 3;
UPDATE CARGOS SET FUNCOES = 'Gestão de projetos e equipes de desenvolvimento' WHERE ID_CARGO = 4;
UPDATE CARGOS SET NOME_CARGO = 'Técnico de Suporte', SALARIO = 2500.00 WHERE ID_CARGO = 5;



-- Tabela TIPO_ENDERECO

UPDATE TIPO_ENDERECO SET NOME_TIPO_END = 'Residencial e Comercial' WHERE COD_TIPO_END = 1;
UPDATE TIPO_ENDERECO SET NOME_TIPO_END = 'Comercial e Industrial' WHERE COD_TIPO_END = 2;
UPDATE TIPO_ENDERECO SET NOME_TIPO_END = 'Industrial' WHERE COD_TIPO_END = 3;
UPDATE TIPO_ENDERECO SET NOME_TIPO_END = 'Rural e Comercial' WHERE COD_TIPO_END = 4;
UPDATE TIPO_ENDERECO SET NOME_TIPO_END = 'Outros' WHERE COD_TIPO_END = 5;



-- Tabela ENDERECOS

UPDATE ENDERECOS SET NOME_RUA = 'Rua dos Três Irmãos', BAIRRO = 'Vila Mariana', CIDADE = 'São Paulo', UF = 'SP', PAIS = 'Brasil' WHERE ID_ENDERECO = 1;
UPDATE ENDERECOS SET NOME_RUA = 'Avenida Paulista', BAIRRO = 'Bela Vista', CIDADE = 'São Paulo', UF = 'SP', PAIS = 'Brasil' WHERE ID_ENDERECO = 2;
UPDATE ENDERECOS SET NOME_RUA = 'Rua da Liberdade', BAIRRO = 'Liberdade', CIDADE = 'São Paulo', UF = 'SP', PAIS = 'Brasil' WHERE ID_ENDERECO = 3;
UPDATE ENDERECOS SET NOME_RUA = 'Rua do Comércio', BAIRRO = 'Centro', CIDADE = 'Rio de Janeiro', UF = 'RJ', PAIS = 'Brasil' WHERE ID_ENDERECO = 4;
UPDATE ENDERECOS SET NOME_RUA = 'Avenida Beira Mar', BAIRRO = 'Ponta Verde', CIDADE = 'Maceió', UF = 'AL', PAIS = 'Brasil' WHERE ID_ENDERECO = 5;



-- Tabela EMPREGADOS

UPDATE EMPREGADOS SET NOME_FUNC = 'Carlos Eduardo Almeida', QUALIF_FUNC = 'Mestrado', CARGO = 1 WHERE NMR_MATRICULA = 1;
UPDATE EMPREGADOS SET QUALIF_FUNC = 'Técnico em Informática', CARGO = 2 WHERE NMR_MATRICULA = 2;
UPDATE EMPREGADOS SET QUALIF_FUNC = 'Técnico em Redes', CARGO = 3 WHERE NMR_MATRICULA = 3;
UPDATE EMPREGADOS SET QUALIF_FUNC = 'Ensino Superior Completo', CARGO = 4 WHERE NMR_MATRICULA = 4;
UPDATE EMPREGADOS SET NOME_FUNC = 'João Carlos Silva', QUALIF_FUNC = 'Técnico', CARGO = 5 WHERE NMR_MATRICULA = 5;



-- Tabela TELEFONES_EMPREGADOS

UPDATE TELEFONES_EMPREGADOS SET TLF_EMPG = '11912345678' WHERE COD_TELEF_EMPG = 1;
UPDATE TELEFONES_EMPREGADOS SET TLF_EMPG = '21912345678' WHERE COD_TELEF_EMPG = 2;
UPDATE TELEFONES_EMPREGADOS SET TLF_EMPG = '31912345678' WHERE COD_TELEF_EMPG = 3;
UPDATE TELEFONES_EMPREGADOS SET TLF_EMPG = '41912345678' WHERE COD_TELEF_EMPG = 4;
UPDATE TELEFONES_EMPREGADOS SET TLF_EMPG = '51912345678' WHERE COD_TELEF_EMPG = 5;



-- Tabela PRODUTO

UPDATE PRODUTO SET NOME_PROD = 'Produto A - Novo', COR_PROD = 'Azul Claro', TEMP_FAB_PROD = '2024', QNT_PROD_ESTQ = 110 WHERE COD_PROD = 1;
UPDATE PRODUTO SET COR_PROD = 'Vermelho Escuro', TEMP_FAB_PROD = '2023', QNT_PROD_ESTQ = 160 WHERE COD_PROD = 2;
UPDATE PRODUTO SET DIMENSOES_PROD = '20x20x20 cm', TEMP_FAB_PROD = '2022', QNT_PROD_ESTQ = 220 WHERE COD_PROD = 3;
UPDATE PRODUTO SET NOME_PROD = 'Produto D - Atualizado', COR_PROD = 'Preto Fosco', TEMP_FAB_PROD = '2025', QNT_PROD_ESTQ = 60 WHERE COD_PROD = 4;
UPDATE PRODUTO SET NOME_PROD = 'Produto E - Revisado', COR_PROD = 'Branco Neve', TEMP_FAB_PROD = '2024', QNT_PROD_ESTQ = 85 WHERE COD_PROD = 5;



-- Tabela EMPREGADOS_PRODUTOS

UPDATE EMPREGADOS_PRODUTOS SET HORAS_TRABALHADAS = '45' WHERE PRODUTO = 1 AND FUNCIONARIO = 1;
UPDATE EMPREGADOS_PRODUTOS SET HORAS_TRABALHADAS = '40' WHERE PRODUTO = 2 AND FUNCIONARIO = 2;
UPDATE EMPREGADOS_PRODUTOS SET HORAS_TRABALHADAS = '50' WHERE PRODUTO = 3 AND FUNCIONARIO = 3;
UPDATE EMPREGADOS_PRODUTOS SET HORAS_TRABALHADAS = '60' WHERE PRODUTO = 4 AND FUNCIONARIO = 4;
UPDATE EMPREGADOS_PRODUTOS SET HORAS_TRABALHADAS = '35' WHERE PRODUTO = 5 AND FUNCIONARIO = 5;



-- Tabela MAQUINAS

UPDATE MAQUINAS SET MAQ_NOME = 'Máquina A - Revisada', MAQ_TEMPO_VIDA = '6 anos', MAR_DATA_COMPRA = '2022-03-10' WHERE MAQ_COD = 1;
UPDATE MAQUINAS SET MAQ_NOME = 'Máquina B - Atualizada', MAQ_TEMPO_VIDA = '9 anos', MAR_DATA_COMPRA = '2021-05-15' WHERE MAQ_COD = 2;
UPDATE MAQUINAS SET MAQ_NOME = 'Máquina C - Reparo', MAQ_TEMPO_VIDA = '12 anos', MAR_DATA_COMPRA = '2017-08-01' WHERE MAQ_COD = 3;
UPDATE MAQUINAS SET MAQ_NOME = 'Máquina D - Nova', MAQ_TEMPO_VIDA = '7 anos', MAR_DATA_COMPRA = '2023-01-05' WHERE MAQ_COD = 4;
UPDATE MAQUINAS SET MAQ_NOME = 'Máquina E - Substituída', MAQ_TEMPO_VIDA = '8 anos', MAR_DATA_COMPRA = '2021-12-20' WHERE MAQ_COD = 5;



-- Tabela MAQUINAS_PRODUTOS

UPDATE MAQUINAS_PRODUTOS SET HORAS_UTLZ = '250' WHERE MAQUINA = 1 AND PRODUTO_UTLZ = 1;
UPDATE MAQUINAS_PRODUTOS SET HORAS_UTLZ = '200' WHERE MAQUINA = 2 AND PRODUTO_UTLZ = 2;
UPDATE MAQUINAS_PRODUTOS SET HORAS_UTLZ = '220' WHERE MAQUINA = 3 AND PRODUTO_UTLZ = 3;
UPDATE MAQUINAS_PRODUTOS SET HORAS_UTLZ = '230' WHERE MAQUINA = 4 AND PRODUTO_UTLZ = 4;
UPDATE MAQUINAS_PRODUTOS SET HORAS_UTLZ = '210' WHERE MAQUINA = 5 AND PRODUTO_UTLZ = 5;




-- Tabela REGISTRO_MANUTENCAO

UPDATE REGISTRO_MANUTENCAO SET RM_DESC = 'Troca de peças e ajustes', RM_DATA = '2023-05-10' WHERE RM_COD = 1;
UPDATE REGISTRO_MANUTENCAO SET RM_DESC = 'Revisão completa', RM_DATA = '2023-07-20' WHERE RM_COD = 2;
UPDATE REGISTRO_MANUTENCAO SET RM_DESC = 'Manutenção preventiva e teste', RM_DATA = '2023-09-10' WHERE RM_COD = 3;
UPDATE REGISTRO_MANUTENCAO SET RM_DESC = 'Troca de óleo e ajustes finos', RM_DATA = '2023-10-01' WHERE RM_COD = 4;
UPDATE REGISTRO_MANUTENCAO SET RM_DESC = 'Ajuste mecânico e calibragem', RM_DATA = '2023-12-05' WHERE RM_COD = 5;




-- Tabela TIPO_PAGAMENTO

UPDATE TIPO_PAGAMENTO SET DESCRICAO = 'Pagamento à vista com desconto', CODIGO_TIPO_PAG = 1 WHERE ID_TIPO_PAGAMENTO = 1;
UPDATE TIPO_PAGAMENTO SET DESCRICAO = 'Pagamento parcelado em até 12 vezes sem juros', CODIGO_TIPO_PAG = 2 WHERE ID_TIPO_PAGAMENTO = 2;
UPDATE TIPO_PAGAMENTO SET DESCRICAO = 'Pagamento via PIX', CODIGO_TIPO_PAG = 3 WHERE ID_TIPO_PAGAMENTO = 3;
UPDATE TIPO_PAGAMENTO SET DESCRICAO = 'Pagamento via boleto bancário', CODIGO_TIPO_PAG = 4 WHERE ID_TIPO_PAGAMENTO = 4;
UPDATE TIPO_PAGAMENTO SET DESCRICAO = 'Pagamento via transferência bancária', CODIGO_TIPO_PAG = 5 WHERE ID_TIPO_PAGAMENTO = 5;




-- Tabela FORNECEDORES

UPDATE FORNECEDORES SET NOME_FANTASIA = 'Tech Solutions', CNPJ = '12.345.678/0001-90', TELEFONE = '11 4002-8922', ENDERECO = 'Rua da Tecnologia, 100, SP' WHERE ID_FORNECEDOR = 1;
UPDATE FORNECEDORES SET NOME_FANTASIA = 'Distribuidora Alpha', CNPJ = '23.456.789/0001-45', TELEFONE = '21 3012-1234', ENDERECO = 'Avenida Comercial, 300, RJ' WHERE ID_FORNECEDOR = 2;
UPDATE FORNECEDORES SET NOME_FANTASIA = 'Equipamentos Pro', CNPJ = '34.567.890/0001-50', TELEFONE = '51 3333-3333', ENDERECO = 'Rua Industrial, 55, RS' WHERE ID_FORNECEDOR = 3;
UPDATE FORNECEDORES SET NOME_FANTASIA = 'TecnoParts', CNPJ = '45.678.901/0001-60', TELEFONE = '61 9999-9999', ENDERECO = 'Avenida das Indústrias, 500, DF' WHERE ID_FORNECEDOR = 4;
UPDATE FORNECEDORES SET NOME_FANTASIA = 'Global Equipamentos', CNPJ = '56.789.012/0001-70', TELEFONE = '71 8000-8000', ENDERECO = 'Rua de Tecnologia, 250, BA' WHERE ID_FORNECEDOR = 5;



-- Tabela PRODUTOS

UPDATE PRODUTOS SET NOME_PRODUTO = 'Notebook Dell', DESCRICAO = 'Laptop com 16GB de RAM, 512GB SSD', PRECO = 4500.00 WHERE ID_PRODUTO = 1;
UPDATE PRODUTOS SET NOME_PRODUTO = 'iPhone 14', DESCRICAO = 'Smartphone com câmera de 12MP e 128GB de armazenamento', PRECO = 5200.00 WHERE ID_PRODUTO = 2;
UPDATE PRODUTOS SET NOME_PRODUTO = 'Smartwatch Samsung', DESCRICAO = 'Relógio inteligente com monitoramento de saúde', PRECO = 1200.00 WHERE ID_PRODUTO = 3;
UPDATE PRODUTOS SET NOME_PRODUTO = 'Headset Sony', DESCRICAO = 'Fones de ouvido com cancelamento de ruído', PRECO = 600.00 WHERE ID_PRODUTO = 4;
UPDATE PRODUTOS SET NOME_PRODUTO = 'Câmera DSLR Canon', DESCRICAO = 'Câmera profissional para fotografia', PRECO = 3500.00 WHERE ID_PRODUTO = 5;




-- Tabela CLIENTES

UPDATE CLIENTES SET NOME = 'João Silva', EMAIL = 'joao.silva@email.com', TELEFONE = '11 91234-5678', ENDERECO = 'Rua das Flores, 210, São Paulo, SP' WHERE ID_CLIENTE = 1;
UPDATE CLIENTES SET NOME = 'Maria Oliveira', EMAIL = 'maria.oliveira@email.com', TELEFONE = '21 91234-5678', ENDERECO = 'Rua das Palmeiras, 530, Campinas, SP' WHERE ID_CLIENTE = 2;
UPDATE CLIENTES SET NOME = 'Carlos Souza', EMAIL = 'carlos.souza@email.com', TELEFONE = '51 91234-5678', ENDERECO = 'Avenida Paulista, 1000, São Paulo, SP' WHERE ID_CLIENTE = 3;
UPDATE CLIENTES SET NOME = 'Ana Costa', EMAIL = 'ana.costa@email.com', TELEFONE = '61 91234-5678', ENDERECO = 'Rua Sete de Setembro, 150, Rio de Janeiro, RJ' WHERE ID_CLIENTE = 4;
UPDATE CLIENTES SET NOME = 'Paulo Santos', EMAIL = 'paulo.santos@email.com', TELEFONE = '71 91234-5678', ENDERECO = 'Avenida Brasil, 500, Belo Horizonte, MG' WHERE ID_CLIENTE = 5;



-- Atualizações para a tabela ENCOMENDAS

UPDATE ENCOMENDAS SET ENCOM_DATA = '2024-06-15' WHERE ENCOM_COD = 1;
UPDATE ENCOMENDAS SET ENCOM_CLT = 3 WHERE ENCOM_COD = 2;
UPDATE ENCOMENDAS SET ENCOM_DATA = '2024-07-10' WHERE ENCOM_COD = 3;
UPDATE ENCOMENDAS SET ENCOM_CLT = 4 WHERE ENCOM_COD = 4;
UPDATE ENCOMENDAS SET ENCOM_DATA = '2024-08-05' WHERE ENCOM_COD = 5;



-- Atualizações para a tabela PAGAMENTOS

UPDATE PAGAMENTOS SET PAG_QNT_PARCELAS = 6 WHERE PAG_COD = 1;
UPDATE PAGAMENTOS SET PAG_VLR_DESC = 60.00 WHERE PAG_COD = 2;
UPDATE PAGAMENTOS SET PAG_VLR_TOTAL = 1100.00 WHERE PAG_COD = 3;
UPDATE PAGAMENTOS SET PAG_DATA = '2024-04-20' WHERE PAG_COD = 4;
UPDATE PAGAMENTOS SET PAG_VLR_DESC = 130.00 WHERE PAG_COD = 5;



-- Atualizações para a tabela PRODUTOS_ENCOMENDAS

UPDATE PRODUTOS_ENCOMENDAS SET QNT_PROD = 12 WHERE ENCM_COD = 1 AND PROD_COD = 1;
UPDATE PRODUTOS_ENCOMENDAS SET QNT_PROD = 18 WHERE ENCM_COD = 2 AND PROD_COD = 2;
UPDATE PRODUTOS_ENCOMENDAS SET QNT_PROD = 6 WHERE ENCM_COD = 3 AND PROD_COD = 3;
UPDATE PRODUTOS_ENCOMENDAS SET QNT_PROD = 10 WHERE ENCM_COD = 4 AND PROD_COD = 4;
UPDATE PRODUTOS_ENCOMENDAS SET QNT_PROD = 14 WHERE ENCM_COD = 5 AND PROD_COD = 5;
