CREATE SCHEMA ESTC_III;
USE ESTC_III;

-- -------------------- CARGOS --------------------

CREATE TABLE IF NOT EXISTS CARGOS(
    ID_CARGO INT PRIMARY KEY,
    NOME_CARGO VARCHAR(50) NOT NULL,
    FUNCOES VARCHAR(100) NOT NULL,
    SALARIO DECIMAL(8,3)
);

-- -------------------- TIPO_ENDERECO --------------------

CREATE TABLE IF NOT EXISTS TIPO_ENDERECO(
    COD_TIPO_END INT PRIMARY KEY,
    NOME_TIPO_END VARCHAR(50) NOT NULL
);

-- -------------------- ENDERECOS --------------------

CREATE TABLE IF NOT EXISTS ENDERECOS(
    ID_ENDERECO INT PRIMARY KEY,
    NOME_RUA VARCHAR(50) NOT NULL,
    BAIRRO VARCHAR(50) NOT NULL,
    CIDADE VARCHAR(50) NOT NULL,
    UF VARCHAR(2) NOT NULL,
    PAIS VARCHAR(50) NOT NULL,
    CEP VARCHAR(8),
    TIPO_ENDERECO INT NOT NULL,
    CONSTRAINT FK_TIPO_ENDERECOS_ENDERECOS FOREIGN KEY (TIPO_ENDERECO) REFERENCES TIPO_ENDERECO(COD_TIPO_END)
);

-- -------------------- EMPREGADOS --------------------

CREATE TABLE IF NOT EXISTS EMPREGADOS(
    NMR_MATRICULA INT PRIMARY KEY,
    NOME_FUNC VARCHAR(100),
    CPF_FUNC VARCHAR(14),
    DATA_ADMISS DATE NOT NULL,
    QUALIF_FUNC VARCHAR(45),
    CARGO INT NOT NULL,
    ENDERECO INT,
    CONSTRAINT FK_CARGO_EMPREGADOS FOREIGN KEY(CARGO) REFERENCES CARGOS(ID_CARGO),
    CONSTRAINT FK_ENDERECOS_EMPREGADOS FOREIGN KEY(ENDERECO) REFERENCES ENDERECOS(ID_ENDERECO)
);

-- -------------------- TELEFONES_EMPREGADOS --------------------

CREATE TABLE IF NOT EXISTS TELEFONES_EMPREGADOS(
    COD_TELEF_EMPG INT PRIMARY KEY,
    TLF_EMPG VARCHAR(11) NOT NULL,
    EMPREGADO INT NOT NULL,
    CONSTRAINT FK_EMPREGADOS_TELEFONES FOREIGN KEY (EMPREGADO) REFERENCES EMPREGADOS(NMR_MATRICULA)
);

-- -------------------- PRODUTO --------------------

CREATE TABLE IF NOT EXISTS PRODUTO(
    COD_PROD INT PRIMARY KEY,
    NOME_PROD VARCHAR(50) NOT NULL,
    DIMENSOES_PROD VARCHAR(30) NOT NULL,
    COR_PROD VARCHAR(30) NOT NULL,
    TEMP_FAB_PROD VARCHAR(30) NOT NULL,
    QNT_PROD_ESTQ INT NOT NULL
);

-- -------------------- EMPREGADOS_PRODUTOS --------------------

CREATE TABLE IF NOT EXISTS EMPREGADOS_PRODUTOS(
    PRODUTO INT,
    FUNCIONARIO INT,
    HORAS_TRABALHADAS VARCHAR(4) NOT NULL,
    PRIMARY KEY(PRODUTO, FUNCIONARIO),
    CONSTRAINT FK_PRODUTO_EMPREGADOS FOREIGN KEY(PRODUTO) REFERENCES PRODUTO(COD_PROD),
    CONSTRAINT FK_FUNCIONARIO_EMPREGADOS FOREIGN KEY(FUNCIONARIO) REFERENCES EMPREGADOS(NMR_MATRICULA)
);

-- -------------------- MAQUINAS --------------------

CREATE TABLE IF NOT EXISTS MAQUINAS(
    MAQ_COD INT PRIMARY KEY,
    MAQ_NOME VARCHAR(50) NOT NULL,
    MAQ_TEMPO_VIDA VARCHAR(5) NOT NULL,
    MAR_DATA_COMPRA DATE NOT NULL,
    MAQ_DATA_FIM_GART DATE NOT NULL
);

-- -------------------- MAQUINAS_PRODUTOS --------------------

CREATE TABLE IF NOT EXISTS MAQUINAS_PRODUTOS(
    MAQUINA INT,
    PRODUTO_UTLZ INT,
    HORAS_UTLZ VARCHAR(5) NOT NULL,
    PRIMARY KEY(MAQUINA, PRODUTO_UTLZ),
    CONSTRAINT FK_MAQUINA_MAQUINAS_PRODUTOS FOREIGN KEY (MAQUINA) REFERENCES MAQUINAS(MAQ_COD),
    CONSTRAINT FK_PRODUTO_MAQUINAS_PRODUTOS FOREIGN KEY (PRODUTO_UTLZ) REFERENCES PRODUTO(COD_PROD)
);

-- -------------------- REGISTRO_MANUTENCAO --------------------

CREATE TABLE IF NOT EXISTS REGISTRO_MANUTENCAO(
    RM_COD INT PRIMARY KEY,
    RM_DATA DATE NOT NULL,
    RM_DESC TEXT NOT NULL,
    RM_MAQUINA INT NOT NULL,
    CONSTRAINT FK_MAQUINA_REGISTRO_MANUTENCAO FOREIGN KEY (RM_MAQUINA) REFERENCES MAQUINAS(MAQ_COD)
);

-- -------------------- TIPO_COMPONENTE --------------------

CREATE TABLE IF NOT EXISTS TIPO_COMPONENTE(
    TPDC_COD INT PRIMARY KEY,
    TPDC_NOME VARCHAR(50) NOT NULL,
    TDCP_QNT_ESTQ DECIMAL(10,3) NOT NULL
);

-- -------------------- COMPONENTES --------------------

CREATE TABLE IF NOT EXISTS COMPONENTES(
    COMP_COD INT PRIMARY KEY,
    COMP_NOME VARCHAR(50) NOT NULL,
    COMP_UNIDADE VARCHAR(30) NOT NULL,
    COMP_QNT_ESTQ DECIMAL(10,3) NOT NULL,
    COMP_TIPO INT NOT NULL,
    CONSTRAINT FK_TIPO_COMPONENTE FOREIGN KEY(COMP_TIPO) REFERENCES TIPO_COMPONENTE(TPDC_COD)
);

-- -------------------- PRODUTOS_COMPONENTES --------------------

CREATE TABLE IF NOT EXISTS PRODUTOS_COMPONENTES(
    COMPONENTE INT,
    PROD_PRDZ INT,
    PRIMARY KEY(COMPONENTE, PROD_PRDZ),
    CONSTRAINT FK_COMPONENTE_PRODUTOS FOREIGN KEY(COMPONENTE) REFERENCES COMPONENTES(COMP_COD),
    CONSTRAINT FK_PRODUTO_PRODUTOS FOREIGN KEY(PROD_PRDZ) REFERENCES PRODUTO(COD_PROD)
);

-- -------------------- RECURSOS_ESPECIFICOS --------------------

CREATE TABLE IF NOT EXISTS RECURSOS_ESPECIFICOS(
    RE_ID INT PRIMARY KEY,
    RE_HORAS_MAO_OBRA VARCHAR(5) NOT NULL,
    RE_DATA DATE NOT NULL,
    RE_TEMPO_MAQ VARCHAR(5) NOT NULL
);

-- -------------------- EMPRESAS --------------------

CREATE TABLE IF NOT EXISTS EMPRESAS(
    EMPRESA_CNPJ VARCHAR(14) PRIMARY KEY,
    EMPRESA_RAZAO_SOCIAL VARCHAR(50) NOT NULL,
    EMPRESA_RAMO VARCHAR(50) NOT NULL,
    EMPRESA_CONT VARCHAR(14) NOT NULL,
    EMPRESA_END INT NOT NULL,
    CONSTRAINT FK_ENDERECOS_EMPRESAS FOREIGN KEY(EMPRESA_END) REFERENCES ENDERECOS(ID_ENDERECO)
);

-- -------------------- TELEFONES_EMPRESAS --------------------

CREATE TABLE IF NOT EXISTS TELEFONES_EMPRESAS(
    ID_TELF_EMP INT PRIMARY KEY,
    EMPRESA VARCHAR(14),
    TELEFONE VARCHAR(14) NOT NULL,
    CONSTRAINT FK_EMPRESAS_TELEFONES_EMPRESAS FOREIGN KEY(EMPRESA) REFERENCES EMPRESAS(EMPRESA_CNPJ)
);

-- -------------------- FORNECEDORES --------------------

CREATE TABLE IF NOT EXISTS FORNECEDORES(
    FORN_ID INT PRIMARY KEY,
    CONT_PESSOA VARCHAR(50) NOT NULL,
    FORN_NMR VARCHAR(14) NOT NULL,
    FORN_CNPJ VARCHAR(14) NOT NULL,
    FORN_ENDERECO INT NOT NULL,
    CONSTRAINT FK_EMPRESAS_FORNECEDORES FOREIGN KEY (FORN_CNPJ) REFERENCES EMPRESAS(EMPRESA_CNPJ),
    CONSTRAINT FK_ENDERECOS_FORNECEDORES FOREIGN KEY (FORN_ENDERECO) REFERENCES ENDERECOS(ID_ENDERECO)
);

-- -------------------- COMPONENTES_FORNECEDORES --------------------

CREATE TABLE IF NOT EXISTS COMPONENTES_FORNECEDORES(
    COMPONENTE INT,
    FORNECEDOR_COMP INT,
    PRECO_UNT DECIMAL(8,3) NOT NULL,
    CONSTRAINT FK_COMPONENTE_COMPONENTES_FORNECEDORES FOREIGN KEY (COMPONENTE) REFERENCES COMPONENTES(COMP_COD),
    CONSTRAINT FK_FORNECEDOR_COMPONENTES_FORNECEDORES FOREIGN KEY (FORNECEDOR_COMP) REFERENCES FORNECEDORES(FORN_ID)
);

-- -------------------- REGISTRO_RESSUPRIMENTO --------------------

CREATE TABLE IF NOT EXISTS REGISTRO_RESSUPRIMENTO(
    RS_COD INT PRIMARY KEY,
    RS_DATA DATE NOT NULL,
    RS_QNT_NECES DECIMAL(8,3) NOT NULL,
    RS_COMP INT NOT NULL,
    RS_FORN INT NOT NULL, 
    CONSTRAINT FK_COMPONENTE_REGISTRO_RESSUPRIMENTO FOREIGN KEY (RS_COMP) REFERENCES COMPONENTES(COMP_COD),
    CONSTRAINT FK_FORNECEDOR_REGISTRO_RESSUPRIMENTO FOREIGN KEY (RS_FORN) REFERENCES FORNECEDORES(FORN_ID)
);

-- -------------------- ENDERECOS_CLIENTES --------------------

CREATE TABLE IF NOT EXISTS ENDERECOS_CLIENTES(
    ID_ENDERECOS_CLT INT PRIMARY KEY,
    RUA VARCHAR(50) NOT NULL,
    BAIRRO VARCHAR(50) NOT NULL,
    CIDADE VARCHAR(50) NOT NULL,
    UF VARCHAR(2) NOT NULL,
    PAIS VARCHAR(50) NOT NULL,
    CEP VARCHAR(8),
    TIPO_ENDERECO INT,
    CONSTRAINT FK_TIPO_ENDERECOS_ENDERECOS_CLIENTES FOREIGN KEY (TIPO_ENDERECO) REFERENCES TIPO_ENDERECO(COD_TIPO_END)
);

-- -------------------- CLIENTES --------------------

CREATE TABLE IF NOT EXISTS CLIENTES(
    CLT_COD INT PRIMARY KEY,
    CLT_DATA_CADS DATE NOT NULL,
    CLT_PESS_CONT VARCHAR(50) NOT NULL,
    CLT_NMR_CONT VARCHAR(14) NOT NULL,
    CLT_CNPJ VARCHAR(14) NOT NULL,
    CONSTRAINT FK_EMPRESAS_CLIENTES FOREIGN KEY (CLT_CNPJ) REFERENCES EMPRESAS(EMPRESA_CNPJ)
);

-- -------------------- ENCOMENDAS --------------------

CREATE TABLE IF NOT EXISTS ENCOMENDAS(
    ENCOM_COD INT PRIMARY KEY,
    ENCOM_DATA DATE NOT NULL,
    ENCOM_CLT INT NOT NULL,
    CONSTRAINT FK_CLIENTES_ENCOMENDAS FOREIGN KEY (ENCOM_CLT) REFERENCES CLIENTES(CLT_COD)
);

-- -------------------- PAGAMENTOS --------------------

CREATE TABLE IF NOT EXISTS PAGAMENTOS(
    PAG_COD INT PRIMARY KEY,
    PAG_VLR_TOTAL DECIMAL(10,3) NOT NULL,
    PAG_VLR_DESC DECIMAL(10,3) NOT NULL,
    PAG_DATA DATE NOT NULL,
    PAG_QNT_PARCELAS INT NOT NULL,
    PAG_ENCOM INT NOT NULL,
    CONSTRAINT FK_ENCOMENDAS_PAGAMENTOS FOREIGN KEY (PAG_ENCOM) REFERENCES ENCOMENDAS(ENCOM_COD)
);

-- -------------------- PRODUTOS_ENCOMENDAS --------------------

CREATE TABLE IF NOT EXISTS PRODUTOS_ENCOMENDAS(
    ENCM_COD INT NOT NULL,
    PROD_COD INT NOT NULL,
    QNT_PROD INT NOT NULL,
    PRIMARY KEY (ENCM_COD, PROD_COD),
    CONSTRAINT FK_ENCOMENDAS_PRODUTOS FOREIGN KEY (ENCM_COD) REFERENCES ENCOMENDAS(ENCOM_COD),
    CONSTRAINT FK_PRODUTOS_PRODUTOS_ENCOMENDAS FOREIGN KEY (PROD_COD) REFERENCES PRODUTO(COD_PROD)
);



-- =====================> INSERTS <=====================

-- INSERTS para CARGOS

INSERT INTO CARGOS (ID_CARGO, NOME_CARGO, FUNCOES, SALARIO) VALUES
(1, 'Auror', 'Proteger a comunidade mágica de ameaças das trevas', 7500.00),
(2, 'Professor de Defesa Contra as Artes das Trevas', 'Ensinar aos alunos como se defender das artes das trevas', 5000.00),
(3, 'Curandeiro', 'Tratar ferimentos e doenças mágicas', 4000.00),
(4, 'Ministro da Magia', 'Gerir o governo mágico e implementar políticas mágicas', 12000.00),
(5, 'Guardião de Chaves e Terrenos de Hogwarts', 'Responsável pela segurança e organização das chaves e terrenos da escola', 3000.00);



-- INSERTS para TIPO DE ENDEREÇO

INSERT INTO TIPO_ENDERECO (COD_TIPO_END, NOME_TIPO_END) VALUES
(1, 'Casa'),
(2, 'Escola'),
(3, 'Ministério'),
(4, 'Loja'),
(5, 'Hospital');



-- INSERTS para ENDEREÇOS

INSERT INTO ENDERECOS (ID_ENDERECO, NOME_RUA, BAIRRO, CIDADE, UF, PAIS, CEP, TIPO_ENDERECO) VALUES
(1, 'Rua dos Alfeneiros', 'Little Whinging', 'Londres', 'LO', 'Reino Unido', '12345-678', 1),
(2, 'Calle Diagon', 'Bairro Mágico', 'Londres', 'LO', 'Reino Unido', '98765-432', 4),
(3, 'Rua Granger', 'Godrics Hollow', 'Londres', 'LO', 'Reino Unido', '10234-001', 1),
(4, 'Avenida Ministério', 'West Final', 'Londres', 'LO', 'Reino Unido', '45213-222', 3),
(5, 'Calle dos Comensais', 'Beco Diagonal', 'Londres', 'LO', 'Reino Unido', '56421-100', 4);



-- INSERTS para EMPREGADOS

INSERT INTO EMPREGADOS (NMR_MATRICULA, NOME_FUNC, CPF_FUNC, DATA_ADMISS, QUALIF_FUNC, CARGO, ENDERECO) VALUES
(1, 'Harry Potter', '123.456.789-00', '1997-07-31', 'Auror da Ordem', 1, 1),
(2, 'Hermione Granger', '987.654.321-00', '1997-08-19', 'Ministra da Magia', 4, 3),
(3, 'Ron Weasley', '111.222.333-00', '1998-04-20', 'Auror', 1, 2),
(4, 'Albus Dumbledore', '222.333.444-00', '1930-10-12', 'Professor de Defesa Contra as Artes das Trevas', 2, 5),
(5, 'Severus Snape', '555.666.777-00', '1995-03-15', 'Professor de Poções', 2, 4);



-- INSERTS para TELEFONES_EMPREGADOS

INSERT INTO TELEFONES_EMPREGADOS (COD_TELEF_EMPG, TLF_EMPG, EMPREGADO) VALUES
(1, '12345678901', 1),
(2, '98765432101', 2),
(3, '11223344550', 3),
(4, '55667788999', 4),
(5, '99887766554', 5);

-- INSERTS para PRODUTO

INSERT INTO PRODUTO (COD_PROD, NOME_PROD, DIMENSOES_PROD, COR_PROD, TEMP_FAB_PROD, QNT_PROD_ESTQ) VALUES
(1, 'Vassoura Firebolt', '140cm', 'Preta', '1993', 50),
(2, 'Varinha de Cedro', '30cm', 'Castanho', '1992', 100),
(3, 'Capa da Invisibilidade', 'Tamanho único', 'Transparente', 'Não disponível', 10),
(4, 'Pó de Flu', '100g', 'Cinza', '2015', 200),
(5, 'Poção Polissuco', '500ml', 'Verde', '2000', 15);



-- INSERTS para EMPREGADOS_PRODUTOS

INSERT INTO EMPREGADOS_PRODUTOS (PRODUTO, FUNCIONARIO, HORAS_TRABALHADAS) VALUES
(1, 1, '4'),
(2, 2, '2'),
(3, 3, '1'),
(4, 4, '3'),
(5, 5, '5');



-- INSERTS para MAQUINAS

INSERT INTO MAQUINAS (MAQ_COD, MAQ_NOME, MAQ_TEMPO_VIDA, MAR_DATA_COMPRA, MAQ_DATA_FIM_GART) VALUES
(1, 'Cavalo de Fogo', '20', '1998-01-12', '2023-12-01'),
(2, 'Garras de Fênix', '15', '2000-06-18', '2025-07-15'),
(3, 'Cometa 260', '25', '1995-05-23', '2025-08-12'),
(4, 'Vassoura Nimbus 2000', '12', '2001-03-15', '2022-11-01'),
(5, 'Vassoura Nimbus 2001', '10', '2004-11-04', '2022-10-28');



-- INSERTS para MAQUINAS_PRODUTOS

INSERT INTO MAQUINAS_PRODUTOS (MAQUINA, PRODUTO_UTLZ, HORAS_UTLZ) VALUES
(1, 1, '12'),
(2, 2, '8'),
(3, 3, '10'),
(4, 4, '6'),
(5, 5, '3');



-- INSERTS para REGISTRO_MANUTENCA

INSERT INTO REGISTRO_MANUTENCAO (RM_COD, RM_DATA, RM_DESC, RM_MAQUINA) VALUES
(1, '2023-09-10', 'Manutenção nas garras de vôo da vassoura.', 1),
(2, '2023-09-11', 'Troca de peças da Nimbus 2000.', 4),
(3, '2023-09-12', 'Troca de pára-choques da Cometa 260.', 3),
(4, '2023-09-13', 'Ajustes nas vassouras para o Campeonato de Quadribol.', 2),
(5, '2023-09-14', 'Reparos na Vassoura Firebolt para melhor desempenho.', 5);



-- INSERTS para TIPO_COMPONETE

INSERT INTO TIPO_COMPONENTE (TPDC_COD, TPDC_NOME, TDCP_QNT_ESTQ) VALUES
(1, 'Componentes de Poções', 500.000),
(2, 'Componentes de Vassouras', 200.000),
(3, 'Componentes de Varinhas', 300.000),
(4, 'Componentes de Poções de Cura', 150.000),
(5, 'Componentes para Feitiçaria', 100.000);



-- INSERTS para COMPONENTES

INSERT INTO COMPONENTES (COMP_COD, COMP_NOME, COMP_UNIDADE, COMP_QNT_ESTQ, COMP_TIPO) VALUES
(1, 'Mandrágora', 'Raiz', 250.000, 1),
(2, 'Pluma de Fênix', 'Unidade', 150.000, 3),
(3, 'Essência de Confundo', 'Frasco', 80.000, 4),
(4, 'Escamas de Dragão', 'Gramas', 100.000, 2),
(5, 'Cabelo de Veela', 'Unidade', 50.000, 5);



-- INSERTS para PRODUTOS_COMPONENTES

INSERT INTO PRODUTOS_COMPONENTES (COMPONENTE, PROD_PRDZ) VALUES
(1, 5), 
(2, 1), 
(3, 4),  
(4, 2),  
(5, 3); 



-- INSERTS para RECURSOS ESPECÍFICOS 

INSERT INTO RECURSOS_ESPECIFICOS (RE_ID, RE_HORAS_MAO_OBRA, RE_DATA, RE_TEMPO_MAQ) VALUES
(1, '10', '2024-05-10', '5'),
(2, '8', '2024-06-15', '3'),
(3, '6', '2024-07-21', '2'),
(4, '12', '2024-08-15', '4'),
(5, '15', '2024-09-01', '6');



-- INSERTS para EMRPRESAS

INSERT INTO EMPRESAS (EMPRESA_CNPJ, EMPRESA_RAZAO_SOCIAL, EMPRESA_RAMO, EMPRESA_CONT, EMPRESA_END) VALUES
('12345678000199', 'Pateira & Cia', 'Venda de Poções', '11987654321', 1),
('98765432000188', 'Vassouras Nimbus', 'Fabricante de Vassouras', '11987654322', 2),
('11122334400110', 'Varinhas do Olho de Fênix', 'Fabricante de Varinhas', '11987654323', 3),
('99988877700101', 'Hogwarts Healthcare', 'Hospitais Mágicos', '11987654324', 4),
('12378945600156', 'Garras e Dragões Ltda', 'Venda de Componentes de Dragão', '11987654325', 5);



-- INSERTS para TELEFONES_EMPRESAS

INSERT INTO TELEFONES_EMPRESAS (ID_TELF_EMP, EMPRESA, TELEFONE) VALUES
(1, '12345678000199', '11987654321'),
(2, '98765432000188', '11987654322'),
(3, '11122334400110', '11987654323'),
(4, '99988877700101', '11987654324'),
(5, '12378945600156', '11987654325');



-- INSERTS para FORNECEDORES

INSERT INTO FORNECEDORES (FORN_ID, CONT_PESSOA, FORN_NMR, FORN_CNPJ, FORN_ENDERECO) VALUES
(1, 'Luna Lovegood', '55555555555', '12345678000199', 1),
(2, 'Hagrid', '77777777777', '98765432000188', 2),
(3, 'Filius Flitwick', '99999999999', '11122334400110', 3),
(4, 'Severus Snape', '66666666666', '99988877700101', 4),
(5, 'George Weasley', '88888888888', '12378945600156', 5);



-- INSERTS para COMPONENTES_FORNECEDORES

INSERT INTO COMPONENTES_FORNECEDORES (COMPONENTE, FORNECEDOR_COMP, PRECO_UNT) VALUES
(1, 1, 50.00),
(2, 2, 100.00),
(3, 3, 75.00),
(4, 4, 200.00),
(5, 5, 150.00);

-- INSERTS para REGISTRO_RESSUPRIMENTO

INSERT INTO REGISTRO_RESSUPRIMENTO (RS_COD, RS_DATA, RS_QNT_NECES, RS_COMP, RS_FORN) VALUES
(1, '2024-08-01', 50.000, 1, 1),
(2, '2024-08-15', 30.000, 2, 2),
(3, '2024-09-01', 20.000, 3, 3),
(4, '2024-09-10', 40.000, 4, 4),
(5, '2024-09-20', 10.000, 5, 5);



-- INSERTS para ENDEREÇOS_CLIENTES

INSERT INTO ENDERECOS_CLIENTES (ID_ENDERECOS_CLT, RUA, BAIRRO, CIDADE, UF, PAIS, CEP, TIPO_ENDERECO) VALUES
(1, 'Rua dos Alfeneiros', 'Little Whinging', 'Londres', 'L', 'Reino Unido', '12345-678', 1),
(2, 'Avenida Granger', 'Godrics Hollow', 'Londres', 'L', 'Reino Unido', '98765-432', 1),
(3, 'Rua Ministro da Magia', 'West Final', 'Londres', 'L', 'Reino Unido', '54321-123', 3),
(4, 'Rua dos Magos', 'Beco Diagonal', 'Londres', 'L', 'Reino Unido', '11223-987', 4),
(5, 'Calle dos Feitiçaria', 'Bairro Mágico', 'Londres', 'L', 'Reino Unido', '99887-654', 4);



-- INSERTS para CLIENTES
INSERT INTO CLIENTES (CLT_COD, CLT_DATA_CADS, CLT_PESS_CONT, CLT_NMR_CONT, CLT_CNPJ) VALUES
(1, '2024-01-15', 'Luna Lovegood', '99955544477', '12345678000199'),
(2, '2024-02-10', 'Hermione Granger', '55588877766', '98765432000188'),
(3, '2024-03-01', 'Ron Weasley', '44477766655', '11122334400110'),
(4, '2024-04-05', 'Severus Snape', '88855577744', '99988877700101'),
(5, '2024-05-25', 'George Weasley', '33322244411', '12378945600156');


    
-- INSERTS para ENCOMENDAS

INSERT INTO ENCOMENDAS (ENCOM_COD, ENCOM_DATA, ENCOM_CLT) VALUES
(1, '2024-05-20', 1),
(2, '2024-06-05', 2),
(3, '2024-07-15', 3),
(4, '2024-08-10', 4),
(5, '2024-09-01', 5);



-- INSERTS para PAGAMENTOS

INSERT INTO PAGAMENTOS (PAG_COD, PAG_VLR_TOTAL, PAG_VLR_DESC, PAG_DATA, PAG_QNT_PARCELAS, PAG_ENCOM) VALUES
(1, 2000.00, 100.00, '2024-05-21', 1, 1),
(2, 1500.00, 75.00, '2024-06-06', 2, 2),
(3, 2500.00, 125.00, '2024-07-16', 3, 3),
(4, 3500.00, 150.00, '2024-08-11', 4, 4),
(5, 1000.00, 50.00, '2024-09-02', 1, 5);



-- INSERTS para PRODUTOS_ENCOMENDAS

INSERT INTO PRODUTOS_ENCOMENDAS (ENCM_COD, PROD_COD, QNT_PROD) VALUES
(1, 1, 50),
(2, 2, 100),
(3, 3, 200),
(4, 4, 5),
(5, 5, 150);



-- =====================> UPDATES <=====================

-- UPDATES para CARGOS

UPDATE CARGOS SET SALARIO = 8000.00 WHERE ID_CARGO = 1; 
UPDATE CARGOS SET SALARIO = 13000.00 WHERE ID_CARGO = 4;



-- UPDATES para TIPO_ENDERECO

UPDATE TIPO_ENDERECO SET NOME_TIPO_END = 'Mansão' WHERE COD_TIPO_END = 1; 
UPDATE TIPO_ENDERECO SET NOME_TIPO_END = 'Laboratório' WHERE COD_TIPO_END = 4;



-- UPDATES para ENDERECOS

UPDATE ENDERECOS SET NOME_RUA = 'Rua das Varinhas' WHERE ID_ENDERECO = 1; 
UPDATE ENDERECOS SET NOME_RUA = 'Avenida da Magia' WHERE ID_ENDERECO = 2;



-- UPDATES para EMPREGADOS

UPDATE EMPREGADOS SET CARGO = 1  WHERE NMR_MATRICULA = 1; 
UPDATE EMPREGADOS SET  CARGO = 3 WHERE NMR_MATRICULA = 5;



-- UPDATES para TELEFONES_EMPREGADOS

UPDATE TELEFONES_EMPREGADOS SET TLF_EMPG = '12345678911', EMPREGADO = 2 WHERE COD_TELEF_EMPG = 1; 
UPDATE TELEFONES_EMPREGADOS SET TLF_EMPG = '98765432110', EMPREGADO = 4 WHERE COD_TELEF_EMPG = 4;



-- UPDATES para PRODUTOS

UPDATE PRODUTO SET QNT_PROD_ESTQ = 45 WHERE COD_PROD = 1; 
UPDATE PRODUTO SET QNT_PROD_ESTQ = 120, COR_PROD = 'Castanho Claro' WHERE COD_PROD = 2;



-- UPDATES para EMPREGADOS_PRODUTOS

UPDATE EMPREGADOS_PRODUTOS SET HORAS_TRABALHADAS = '6' WHERE PRODUTO = 1 AND FUNCIONARIO = 1; 
UPDATE EMPREGADOS_PRODUTOS SET HORAS_TRABALHADAS = '4' WHERE PRODUTO = 2 AND FUNCIONARIO = 2;



-- UPDATES para MAQUINAS

UPDATE MAQUINAS SET MAQ_DATA_FIM_GART = '2025-12-01' WHERE MAQ_COD = 1; 
UPDATE MAQUINAS SET MAQ_DATA_FIM_GART = '2027-06-18' WHERE MAQ_COD = 2;



-- UPDATES para MAUQINAS_PRODUTOS

UPDATE MAQUINAS_PRODUTOS SET HORAS_UTLZ = '15' WHERE MAQUINA = 1 AND PRODUTO_UTLZ = 1; 
UPDATE MAQUINAS_PRODUTOS SET HORAS_UTLZ = '10' WHERE MAQUINA = 2 AND PRODUTO_UTLZ = 2;



-- UPDATES para REGISTRO_MANUTENCAO

UPDATE MAQUINAS_PRODUTOS SET HORAS_UTLZ = '15' WHERE MAQUINA = 1 AND PRODUTO_UTLZ = 1; 
UPDATE MAQUINAS_PRODUTOS SET HORAS_UTLZ = '10' WHERE MAQUINA = 2 AND PRODUTO_UTLZ = 2;



-- UPDATES para TIPO_COMPONENTE

UPDATE TIPO_COMPONENTE SET TPDC_NOME = 'Componentes de Poções Avançadas' WHERE TPDC_COD = 1; 
UPDATE TIPO_COMPONENTE SET TPDC_NOME = 'Componentes de Vassouras Especiais' WHERE TPDC_COD = 2;



-- UPDATES para COMPONENTES

UPDATE COMPONENTES SET COMP_NOME = 'Mandrágora Premium' WHERE COMP_COD = 1; 
UPDATE COMPONENTES SET COMP_NOME = 'Pluma de Fênix Especial' WHERE COMP_COD = 2;



-- UPDATES para PRODUTOS_COMPONENTES

UPDATE PRODUTOS_COMPONENTES SET COMPONENTE = 1 WHERE PROD_PRDZ = 5; 
UPDATE PRODUTOS_COMPONENTES SET COMPONENTE = 3 WHERE PROD_PRDZ = 4;



-- UPDATES para RECURSOS_ESPECIFICOS

UPDATE RECURSOS_ESPECIFICOS SET RE_HORAS_MAO_OBRA = '14', RE_TEMPO_MAQ = '5' WHERE RE_ID = 1; 
UPDATE RECURSOS_ESPECIFICOS SET RE_HORAS_MAO_OBRA = '9', RE_TEMPO_MAQ = '4' WHERE RE_ID = 2;



-- UPDATES para EMPRESAS

UPDATE EMPRESAS SET EMPRESA_RAZAO_SOCIAL = 'Pateira e Poções Ltda' WHERE EMPRESA_CNPJ = '12345678000199'; 
UPDATE EMPRESAS SET EMPRESA_RAZAO_SOCIAL = 'Vassouras Nimbus S/A' WHERE EMPRESA_CNPJ = '98765432000188';



-- UPDATES para TELEFONES_EMPRESAS

UPDATE TELEFONES_EMPRESAS SET TELEFONE = '11967854323' WHERE EMPRESA = '12345678000199'; 
UPDATE TELEFONES_EMPRESAS SET TELEFONE = '11987676464' WHERE EMPRESA = '98765432000188';



-- UPDATES para FORNECEDORES

UPDATE FORNECEDORES SET FORN_NMR = 'Hermione Granger', FORN_ENDERECO = 4 WHERE FORN_ID = 1; 
UPDATE FORNECEDORES SET FORN_NMR = 'Ron Weasley', FORN_ENDERECO = 2 WHERE FORN_ID = 2;



-- UPDATES para COMPONNETES_FORNECEDORES

UPDATE COMPONENTES_FORNECEDORES SET PRECO_UNT = 55.00 WHERE COMPONENTE = 1 AND FORNECEDOR_COMP = 1; 
UPDATE COMPONENTES_FORNECEDORES SET PRECO_UNT = 95.00 WHERE COMPONENTE = 2 AND FORNECEDOR_COMP = 2;



-- UPDATES para REGISTRO_RESSUPRIMENTO

UPDATE REGISTRO_RESSUPRIMENTO SET RS_QNT_NECES = 59.000 WHERE RS_COMP = 1 AND RS_FORN = 1; 
UPDATE REGISTRO_RESSUPRIMENTO SET RS_QNT_NECES = 37.000 WHERE RS_COMP = 2 AND RS_FORN = 2;



-- UPDATES para ENDERECOS_CLIENTES

UPDATE ENDERECOS_CLIENTES SET BAIRRO = 'Gringots' WHERE ID_ENDERECOS_CLT = 1; 
UPDATE ENDERECOS_CLIENTES SET BAIRRO = 'Beco Diagonal' WHERE ID_ENDERECOS_CLT = 2;



-- UPDATES para CLIENTES

UPDATE CLIENTES SET CLT_NMR_CONT = '92324257478' WHERE CLT_COD = 1; 
UPDATE CLIENTES SET CLT_NMR_CONT = '33322657412' WHERE CLT_COD = 5;



-- UPDATES para ENCOMENDAS

UPDATE ENCOMENDAS SET ENCOM_DATA = '2024-06-01' WHERE ENCOM_COD = 1; 
UPDATE ENCOMENDAS SET ENCOM_DATA = '2024-07-01' WHERE ENCOM_COD = 2;



-- UPDATES para PAGAMENTOS

UPDATE PAGAMENTOS SET PAG_VLR_TOTAL = 2200.00, PAG_VLR_DESC = 110.00 WHERE PAG_COD = 1; 
UPDATE PAGAMENTOS SET PAG_VLR_TOTAL = 1600.00, PAG_VLR_DESC = 80.00 WHERE PAG_COD = 2;



-- UPDATES para PRODUTOS_ENCOMENDAS

UPDATE PRODUTOS_ENCOMENDAS SET QNT_PROD = 60 WHERE ENCM_COD = 1 AND PROD_COD = 1; 
UPDATE PRODUTOS_ENCOMENDAS SET QNT_PROD = 110 WHERE ENCM_COD = 2 AND PROD_COD = 2;



-- =====================> UPDATES <=====================

-- DELETE para CARGOS

DELETE FROM CARGOS WHERE ID_CARGO = 1;



-- DELETE para TIPO_ENDERECO

DELETE FROM TIPO_ENDERECO WHERE COD_TIPO_END = 1;



-- DELETE para ENDERECOS

DELETE FROM ENDERECOS WHERE ID_ENDERECO = 1;



-- DELETE para EMPREGADOS

DELETE FROM EMPREGADOS WHERE NMR_MATRICULA = 1;



-- DELETE para TELEFONES_EMPREGADOS

DELETE FROM TELEFONES_EMPREGADOS WHERE COD_TELEF_EMPG = 1;



-- DELETE para PRODUTO

DELETE FROM PRODUTO WHERE COD_PROD = 1;



-- DELETE para EMPREGADOS_PRODUTOS
DELETE FROM EMPREGADOS_PRODUTOS WHERE PRODUTO = 1 AND FUNCIONARIO = 1;

-- DELETE para MAQUINAS

DELETE FROM MAQUINAS WHERE MAQ_COD = 1;



-- DELETE para MAQUINAS_PRODUTOS

DELETE FROM MAQUINAS_PRODUTOS WHERE MAQUINA = 1 AND PRODUTO_UTLZ = 1;



-- DELETE para REGISTRO_MANUTENCAO

DELETE FROM REGISTRO_MANUTENCAO WHERE RM_COD = 1;



-- DELETE para TIPO_COMPONENTE

DELETE FROM TIPO_COMPONENTE WHERE TPDC_COD = 1;



-- DELETE para COMPONENTES

DELETE FROM COMPONENTES WHERE COMP_COD = 1;



-- DELETE para PRODUTOS_COMPONENTES

DELETE FROM PRODUTOS_COMPONENTES WHERE COMPONENTE = 1 AND PROD_PRDZ = 5;



-- DELETE para RECURSOS_ESPECIFICOS

DELETE FROM RECURSOS_ESPECIFICOS WHERE RE_ID = 1;



-- DELETE para EMPRESAS

DELETE FROM EMPRESAS WHERE EMPRESA_CNPJ = '12345678000199';



-- DELETE para TELEFONES_EMPRESAS

DELETE FROM TELEFONES_EMPRESAS WHERE ID_TELF_EMP = 1;



-- DELETE para FORNECEDORES

DELETE FROM FORNECEDORES WHERE FORN_ID = 1;



-- DELETE para COMPONENTES_FORNECEDORES

DELETE FROM COMPONENTES_FORNECEDORES WHERE COMPONENTE = 1 AND FORNECEDOR_COMP = 1;



-- DELETE para REGISTRO_RESSUPRIMENTO

DELETE FROM REGISTRO_RESSUPRIMENTO WHERE RS_COD = 1;



-- DELETE para ENDEREÇOS_CLIENTES

DELETE FROM ENDERECOS_CLIENTES WHERE ID_ENDERECOS_CLT = 1;



-- DELETE para CLIENTES

DELETE FROM CLIENTES WHERE CLT_COD = 1;



-- DELETE para ENCOMENDAS

DELETE FROM ENCOMENDAS WHERE ENCOM_COD = 1;



-- DELETE para PAGAMENTOS

DELETE FROM PAGAMENTOS WHERE PAG_COD = 1;



-- DELETE para PRODUTOS_ENCOMENDAS

DELETE FROM PRODUTOS_ENCOMENDAS WHERE ENCM_COD = 1;


